sample,step,t,dx_m1,dv_m1,dx_m2,dv_m2,dx_m3,dv_m3,dx_m4,dv_m4,dx_m5,dv_m5,dx_m6,dv_m6,dx_m7,dv_m7
0,0,0.0,7.401487e-17,0.000000e+00,1.480297e-16,0.000000e+00,2.960595e-16,0.000000e+00,5.921189e-16,0.000000e+00,1.184238e-15,0.000000e+00,2.368476e-15,0.000000e+00,4.736952e-15,0.000000e+00
1,20,1.73879235105077297,9.800942e-17,1.979136e-16,1.960188e-16,1.979136e-16,3.430330e-16,1.979136e-16,6.860659e-16,1.979136e-16,1.372132e-15,3.958272e-16,2.744264e-15,7.916543e-16,5.488528e-15,1.583309e-15
2,40,1.8660664087402419,5.190811e-17,4.929179e-16,1.557243e-16,8.215299e-16,3.633568e-16,6.572239e-16,6.748054e-16,1.314448e-15,1.401519e-15,3.286119e-15,2.854946e-15,6.900851e-15,5.657984e-15,1.298017e-14
3,60,1.87781243911671278,1.044224e-16,5.256336e-15,2.088447e-16,8.541546e-15,3.654783e-16,6.488290e-15,7.309565e-16,1.273019e-14,1.461913e-15,3.285210e-14,2.871615e-15,6.915367e-14,5.743230e-15,1.319012e-13
4,80,1.87924141175993614,2.089940e-16,3.701816e-14,3.657395e-16,5.998422e-14,3.657395e-16,4.597103e-14,7.314791e-16,8.984009e-14,1.410710e-15,2.334752e-13,2.925916e-15,4.904226e-13,5.695087e-15,9.368982e-13
5,100,1.88009010958559329,1.045414e-16,1.679822e-14,2.090829e-16,2.424648e-14,3.658951e-16,2.171090e-14,7.317901e-16,4.199554e-14,1.411310e-15,1.102977e-13,2.874890e-15,2.359674e-13,5.697509e-15,4.456281e-13
6,120,1.88426515596973972,2.095221e-16,2.749010e-15,2.095221e-16,3.498740e-15,3.666637e-16,3.561217e-15,6.809468e-16,5.123154e-15,1.414274e-15,7.872164e-15,2.828548e-15,2.099244e-14,5.709477e-15,3.211343e-14
7,140,1.91697980821923139,2.130862e-16,5.336616e-15,5.327155e-16,6.416646e-15,3.729009e-16,9.656734e-15,7.458017e-16,8.513174e-15,1.491603e-15,1.905934e-15,2.929935e-15,1.562866e-14,5.806599e-15,2.922433e-15
8,160,2.21977280432004719,6.126582e-15,3.070357e-14,3.617290e-15,1.845315e-14,1.173175e-14,5.939124e-14,9.776461e-15,4.962192e-14,3.649879e-15,1.721260e-14,1.642445e-14,8.699343e-14,8.342580e-15,3.659617e-14
9,180,2.96041518964568289,4.145649e-14,4.291613e-14,2.438617e-14,3.253803e-14,7.986472e-14,8.704671e-14,6.690956e-14,7.200005e-14,2.331928e-14,2.460462e-14,1.164440e-13,1.334643e-13,4.983924e-14,4.872029e-14
10,200,3.3336339291006184,9.397653e-14,1.364812e-13,6.255300e-14,9.696712e-14,1.857265e-13,2.721140e-13,1.548911e-13,2.250849e-13,5.263862e-14,7.975546e-14,2.796190e-13,4.092013e-13,1.097303e-13,1.700561e-13
11,220,3.72965846554474973,1.960692e-13,6.819509e-13,1.189894e-13,4.252219e-13,3.807660e-13,1.330422e-12,3.189898e-13,1.112961e-12,1.091613e-13,3.806347e-13,5.620229e-13,1.974356e-12,2.302567e-13,8.008503e-13
12,240,3.79173966252363391,3.844400e-13,6.960167e-12,2.370277e-13,4.344638e-12,7.484733e-13,1.358351e-11,6.265023e-13,1.136222e-11,2.144728e-13,3.885707e-12,1.107942e-12,2.016140e-11,4.517019e-13,8.175433e-12
13,260,3.80420033148588133,5.704795e-13,9.567781e-12,3.575773e-13,5.983704e-12,1.113169e-12,1.867472e-11,9.303532e-13,1.561617e-11,3.186711e-13,5.347961e-12,1.652763e-12,2.770865e-11,6.723877e-13,1.124621e-11
14,280,3.83062580465938686,2.148473e-13,1.832597e-12,1.351525e-13,1.145594e-12,4.190316e-13,3.576626e-12,3.499344e-13,2.990160e-12,1.198612e-13,1.025529e-12,6.228397e-13,5.303521e-12,2.543595e-13,2.153107e-12
15,300,4.02183519443959449,9.240355e-14,1.913113e-13,6.454141e-14,1.231124e-13,1.822207e-13,3.737657e-13,1.516547e-13,3.113238e-13,5.431354e-14,1.087197e-13,2.723906e-13,5.553343e-13,1.176793e-13,2.271822e-13
16,320,5.97480722185248169,2.193527e-13,7.823390e-13,1.391509e-13,4.814991e-13,4.279763e-13,1.514107e-12,3.568593e-13,1.262029e-12,1.236531e-13,4.366143e-13,6.349144e-13,2.240103e-12,2.667093e-13,9.343098e-13
17,340,6.79497072187611186,7.525203e-13,4.378874e-12,4.452467e-13,2.563269e-12,1.449051e-12,8.427622e-12,1.213764e-12,7.077219e-12,4.110867e-13,2.371560e-12,2.139334e-12,1.243398e-11,8.841613e-13,5.144302e-12
18,360,6.88598627153433828,2.025263e-12,2.837794e-11,1.183198e-12,1.644668e-11,3.896445e-12,5.456784e-11,3.272129e-12,4.589876e-11,1.095896e-12,1.526392e-11,5.748703e-12,8.047518e-11,2.374722e-12,3.323244e-11
19,380,6.9137686090668278,1.855241e-12,2.359522e-11,1.068087e-12,1.358046e-11,3.563306e-12,4.534807e-11,2.998958e-12,3.819182e-11,9.941814e-13,1.262288e-11,5.253304e-12,6.686318e-11,2.167111e-12,2.757682e-11
20,400,7.00942127355453305,7.949094e-13,4.134616e-12,4.571322e-13,2.376556e-12,1.525304e-12,7.946055e-12,1.282943e-12,6.694712e-12,4.264659e-13,2.207031e-12,2.248396e-12,1.171494e-11,9.275900e-13,4.830276e-12
21,420,7.88406774123889907,3.532691e-13,8.514434e-13,1.780339e-13,5.058043e-13,6.753231e-13,1.636987e-12,5.842611e-13,1.373264e-12,1.684540e-13,4.515193e-13,9.924258e-13,2.409387e-12,4.043974e-13,9.955922e-13
22,440,8.68366724926137081,3.135556e-13,8.204068e-13,3.250921e-13,9.954085e-13,6.319261e-13,1.681765e-12,4.640803e-13,1.139735e-12,2.613663e-13,8.098239e-13,9.474529e-13,2.519350e-12,4.386805e-13,1.246791e-12
23,460,8.75222794308534943,5.930666e-13,7.640233e-12,7.555155e-13,9.030446e-12,1.204955e-12,1.561991e-11,8.533653e-13,1.070920e-11,6.122168e-13,7.367567e-12,1.806285e-12,2.339025e-11,9.121932e-13,1.148416e-11
24,480,8.7588538340456356,1.076497e-12,1.238622e-10,1.339890e-12,1.466920e-10,2.212175e-12,2.533192e-10,1.481439e-12,1.735274e-10,1.089042e-12,1.197750e-10,3.313040e-12,3.794101e-10,1.657144e-12,1.864219e-10
25,500,8.75976019456817657,2.682780e-12,5.028324e-10,3.215690e-12,5.926231e-10,5.498829e-12,1.027731e-09,3.748501e-12,7.054905e-10,2.625262e-12,4.838356e-10,8.237485e-12,1.538987e-09,4.062308e-12,7.550080e-10
26,520,8.76058995249114095,1.556953e-12,1.045858e-10,1.763680e-12,1.223208e-10,3.170287e-12,2.135533e-10,2.213405e-12,1.470728e-10,1.444916e-12,9.987496e-11,4.747019e-12,3.197013e-10,2.296989e-12,1.564665e-10
27,540,8.76531691636737134,8.992066e-13,1.185452e-11,9.862393e-13,1.395726e-11,1.825451e-12,2.422561e-11,1.291413e-12,1.663683e-11,8.103319e-13,1.139212e-11,2.733078e-12,3.627343e-11,1.308122e-12,1.778949e-11
28,560,8.80259934959098681,4.788403e-13,1.771229e-12,4.982276e-13,1.958614e-12,9.681046e-13,3.588880e-12,6.992715e-13,2.525465e-12,4.122462e-13,1.594276e-12,1.450265e-12,5.359327e-12,6.816104e-13,2.579060e-12
29,580,9.09577148740312974,4.142465e-13,5.952602e-13,2.783713e-13,2.542442e-13,7.798296e-13,1.095160e-12,6.719460e-13,9.801062e-13,2.390874e-13,2.127093e-13,1.146921e-12,1.581289e-12,4.541557e-13,5.865238e-13
30,600,9.83351175388498813,5.762575e-13,9.848803e-13,5.184793e-13,1.009812e-12,1.136955e-12,1.955468e-12,8.676056e-13,1.429204e-12,4.111405e-13,7.733581e-13,1.674101e-12,2.874288e-12,7.501570e-13,1.330748e-12
31,620,10.1029937776161025,4.911981e-13,1.257973e-12,3.863150e-13,6.539866e-13,9.259480e-13,2.326870e-12,8.029834e-13,1.999645e-12,3.128924e-13,4.587073e-13,1.363342e-12,3.314470e-12,5.972932e-13,1.275658e-12
32,640,10.7523647209310874,6.362058e-13,1.378588e-12,5.526194e-13,7.270002e-13,1.015825e-12,2.263046e-12,1.211050e-12,2.564876e-12,5.245681e-13,7.203250e-13,1.377810e-12,3.115021e-12,5.969650e-13,6.769375e-13
33,660,11.4626833451803582,1.539907e-12,6.139705e-12,7.522984e-13,2.890496e-12,2.487849e-12,9.948393e-12,2.903263e-12,1.154951e-11,7.980738e-13,3.101235e-12,3.395448e-12,1.359518e-11,6.607476e-13,2.686615e-12
34,680,11.5975569532909419,2.386565e-12,5.497784e-11,1.310680e-12,2.434595e-11,3.819647e-12,8.952621e-11,4.542961e-12,1.030548e-10,1.388906e-12,2.626414e-11,5.181363e-12,1.226313e-10,1.124444e-12,2.509960e-11
35,700,11.6541173198407471,2.064758e-12,2.561935e-11,1.157344e-12,1.092810e-11,3.298842e-12,4.183901e-11,3.937235e-12,4.792413e-11,1.224359e-12,1.182898e-11,4.469981e-12,5.738765e-11,1.015333e-12,1.198094e-11
36,720,11.9056627592430767,9.913454e-13,3.467378e-12,6.568285e-13,1.359151e-12,1.672473e-12,5.803971e-12,1.808180e-12,6.361855e-12,6.282627e-13,1.430806e-12,2.329562e-12,8.059481e-12,6.717050e-13,1.966803e-12
37,740,13.5796379081065395,8.019696e-13,2.692880e-12,1.480510e-12,5.119881e-12,1.000474e-12,3.313784e-12,1.792741e-12,6.055148e-12,1.445836e-12,5.028388e-12,1.462179e-12,3.914318e-12,7.896675e-13,1.369118e-12
38,760,14.4111144842799166,2.725870e-12,6.441585e-12,4.947544e-12,1.128435e-11,3.424111e-12,8.210585e-12,6.069269e-12,1.423191e-11,4.838105e-12,1.101603e-11,4.054519e-12,9.805653e-12,1.222361e-12,2.604699e-12
39,780,14.6017004794909443,4.939438e-12,5.032044e-11,8.088846e-12,8.999826e-11,6.457978e-12,6.368770e-11,1.077593e-11,1.116461e-10,7.902249e-12,8.766960e-11,7.841348e-12,7.565271e-11,1.692338e-12,2.153316e-11
40,800,14.7052263641047119,3.927208e-12,2.005023e-11,6.282044e-12,3.583334e-11,5.176654e-12,2.539003e-11,8.531454e-12,4.448296e-11,6.140922e-12,3.489599e-11,6.318313e-12,3.016514e-11,1.248091e-12,8.557958e-12
41,820,15.2298921077297909,1.891288e-12,3.176121e-12,3.149170e-12,5.091452e-12,2.448810e-12,4.341268e-12,4.146131e-12,6.738780e-12,3.107405e-12,4.986307e-12,2.963943e-12,5.435657e-12,1.058297e-12,1.294873e-12
42,840,15.7641004077530397,3.988936e-12,1.338069e-11,4.574052e-12,1.623062e-11,5.696534e-12,1.887093e-11,8.211644e-12,2.780024e-11,4.646049e-12,1.646802e-11,7.333566e-12,2.412062e-11,9.071132e-13,1.044041e-12
43,860,15.8237897186192259,9.057783e-12,1.319304e-10,1.079656e-11,1.635122e-10,1.281842e-11,1.851244e-10,1.876830e-11,2.749900e-10,1.097848e-11,1.656594e-10,1.641640e-11,2.359139e-10,8.968373e-13,9.371926e-12
44,880,15.8293388748404208,1.966494e-11,1.350574e-09,2.396041e-11,1.676926e-09,2.769759e-11,1.894301e-09,4.088174e-11,2.815846e-09,2.431393e-11,1.698720e-09,3.537412e-11,2.413381e-09,1.450064e-12,9.796555e-11
45,900,15.8298607216125112,4.025278e-11,1.245494e-08,4.952642e-11,1.546688e-08,5.657305e-11,1.746857e-08,8.380676e-11,2.596813e-08,5.021188e-11,1.566744e-08,7.216134e-11,2.225487e-08,2.646449e-12,9.049824e-10
46,920,15.8299129505596078,7.743567e-11,1.981006e-07,9.587300e-11,2.460141e-07,1.086786e-10,2.778420e-07,1.613660e-10,4.130355e-07,9.712540e-11,2.492061e-07,1.385207e-10,3.539676e-07,5.436332e-12,1.439912e-08
47,940,15.829921091904476,1.417136e-10,5.140166e-07,1.756990e-10,6.383549e-07,1.988299e-10,7.209194e-07,2.953846e-10,1.071719e-06,1.779872e-10,6.466380e-07,2.533722e-10,9.184402e-07,1.010944e-11,3.737231e-08
48,960,15.8299317237887145,7.901295e-11,7.990678e-08,9.858799e-11,9.924065e-08,1.107001e-10,1.120697e-07,1.648604e-10,1.666059e-07,9.982416e-11,1.005283e-07,1.409422e-10,1.427739e-07,6.052553e-12,5.813046e-09
49,980,15.8299977680742615,4.178651e-11,1.089818e-08,5.235741e-11,1.353442e-08,5.848901e-11,1.528496e-08,8.724403e-11,2.272255e-08,5.299368e-11,1.371006e-08,7.442608e-11,1.947266e-08,3.346284e-12,7.925417e-10
50,1000,15.8305212782393674,2.058158e-11,1.387863e-09,2.602187e-11,1.723873e-09,2.874833e-11,1.946612e-09,4.303220e-11,2.893589e-09,2.631626e-11,1.746265e-09,3.653930e-11,2.479275e-09,1.800953e-12,1.018821e-10
51,1020,15.834851072724904,1.000500e-11,1.700855e-10,1.287809e-11,2.116849e-10,1.390593e-11,2.391902e-10,2.098767e-11,3.540739e-10,1.300036e-11,2.145502e-10,1.766892e-11,3.020644e-10,9.795231e-13,1.592020e-11
52,1040,15.8710434080383848,4.447722e-12,2.722461e-11,5.910036e-12,3.479004e-11,5.945533e-12,4.113068e-11,9.543964e-12,5.422097e-11,5.910286e-12,3.580856e-11,8.161049e-12,4.136829e-11,8.908896e-13,1.635566e-11
53,1060,16.1498668236856584,3.822944e-12,3.216603e-11,5.074489e-12,4.337277e-11,8.450712e-12,5.918386e-11,5.287824e-12,5.493121e-11,5.764042e-12,4.669757e-11,1.710169e-12,2.404474e-11,1.412199e-11,6.881444e-11
54,1080,16.857067781349776,2.337177e-11,3.432528e-11,3.150556e-11,4.636614e-11,4.483722e-11,6.474901e-11,3.831482e-11,5.724197e-11,3.430138e-11,5.024381e-11,1.359148e-11,2.219668e-11,5.786838e-11,8.042893e-11
55,1100,17.0113885355653876,2.759380e-11,8.493832e-11,3.720946e-11,9.193741e-11,5.277339e-11,1.497980e-10,4.538022e-11,1.507220e-10,4.047642e-11,1.011956e-10,1.637978e-11,9.951408e-11,6.764317e-11,1.166816e-10
56,1120,17.1915926188493624,3.286509e-11,6.897028e-11,4.432676e-11,8.843541e-11,6.270665e-11,1.298000e-10,5.417957e-11,1.153101e-10,4.818737e-11,9.654347e-11,1.981312e-11,4.991169e-11,7.994646e-11,1.525239e-10
57,1140,17.8858915629480265,5.765035e-11,1.423324e-10,7.772229e-11,1.916071e-10,1.095571e-10,2.696017e-10,9.542826e-11,2.363852e-10,8.440745e-11,2.079494e-10,3.572303e-11,9.035714e-11,1.382958e-10,3.371833e-10
58,1160,19.2561986432262287,1.611810e-10,4.606248e-10,2.168576e-10,6.188097e-10,3.058371e-10,8.738096e-10,2.672245e-10,7.639031e-10,2.354719e-10,6.719950e-10,1.013219e-10,2.909619e-10,3.839090e-10,1.094670e-09
59,1180,19.7448077072171208,3.598878e-10,4.368889e-09,4.832476e-10,5.873725e-09,6.828144e-10,8.287194e-09,5.967557e-10,7.246091e-09,5.248459e-10,6.378012e-09,2.273096e-10,2.756063e-09,8.553776e-10,1.038798e-08
60,1200,19.8280597967573841,4.909349e-10,7.674187e-09,6.593832e-10,1.031543e-08,9.314099e-10,1.455755e-08,8.140950e-10,1.272770e-08,7.161196e-10,1.120166e-08,3.099853e-10,4.841623e-09,1.166970e-09,1.824671e-08
61,1220,19.9923259826264894,2.609291e-10,1.094258e-09,3.504951e-10,1.470271e-09,4.952080e-10,2.075988e-09,4.325410e-10,1.814636e-09,3.807151e-10,1.596737e-09,1.643313e-10,6.904545e-10,6.210519e-10,2.601816e-09
62,1240,20.8062886571676833,2.129086e-10,4.139546e-10,2.847403e-10,5.559611e-10,4.050933e-10,7.858273e-10,3.520067e-10,6.860303e-10,3.096993e-10,6.039880e-10,1.332899e-10,2.603633e-10,5.089381e-10,9.860091e-10
63,1260,21.5739872029082851,5.087080e-10,1.293860e-09,6.808790e-10,1.731524e-09,9.675778e-10,2.460638e-09,8.413492e-10,2.140224e-09,7.404352e-10,1.882952e-09,3.185458e-10,8.110184e-10,1.215608e-09,3.090121e-09
64,1280,21.8428631760748037,8.001518e-10,2.685477e-09,1.071964e-09,3.595257e-09,1.521442e-09,5.106575e-09,1.323818e-09,4.442875e-09,1.165551e-09,3.909499e-09,5.008360e-10,1.682841e-09,1.911935e-09,6.413874e-09
65,1300,22.3111981211174648,4.202340e-10,7.926580e-10,5.626159e-10,1.061618e-09,7.990307e-10,1.506549e-09,6.953207e-10,1.312126e-09,6.117840e-10,1.154210e-09,2.634422e-10,4.976596e-10,1.003452e-09,1.890942e-09
66,1320,22.8796950107519759,8.134543e-10,2.603110e-09,1.089766e-09,3.486812e-09,1.546733e-09,4.949425e-09,1.345800e-09,4.306970e-09,1.184891e-09,3.791210e-09,5.091710e-10,1.630382e-09,1.943678e-09,6.218112e-09
67,1340,22.9566203108750212,1.871693e-09,2.140802e-08,2.507156e-09,2.867297e-08,3.558862e-09,4.070550e-08,3.096664e-09,3.541937e-08,2.726042e-09,3.117676e-08,1.171972e-09,1.340821e-08,4.471549e-09,5.113909e-08
68,1360,22.9646914997090475,3.244910e-09,2.881149e-07,4.346356e-09,3.858919e-07,6.169934e-09,5.478247e-07,5.368623e-09,4.766841e-07,4.725852e-09,4.195884e-07,2.032036e-09,1.804492e-07,7.751891e-09,6.882462e-07
69,1380,22.9665223221782733,4.468222e-09,2.516976e-07,5.984372e-09,3.371125e-07,8.495838e-09,4.785827e-07,7.392728e-09,4.164301e-07,6.506921e-09,3.665503e-07,2.798878e-09,1.576403e-07,1.067294e-08,6.012556e-07
70,1400,22.9710534266924419,1.880250e-09,5.025531e-08,2.518036e-09,6.730824e-08,3.575167e-09,9.555789e-08,3.110854e-09,8.314519e-08,2.737971e-09,7.318632e-08,1.177860e-09,3.147387e-08,4.491175e-09,1.200536e-07
71,1420,23.0030503945280178,1.059795e-09,4.782867e-09,1.419162e-09,6.405797e-09,2.015159e-09,9.094103e-09,1.753404e-09,7.913305e-09,1.543144e-09,6.965143e-09,6.639567e-10,2.995961e-09,2.531363e-09,1.142452e-08
72,1440,23.2650894394034157,4.683020e-10,8.519902e-10,6.270039e-10,1.140943e-09,8.905087e-10,1.619908e-09,7.747786e-10,1.409574e-09,6.818186e-10,1.240539e-09,2.934124e-10,5.337799e-10,1.118580e-09,2.034823e-09
73,1460,24.3322030019339925,5.461037e-10,2.185609e-09,7.323534e-10,2.932610e-09,1.037464e-09,4.153039e-09,9.043999e-10,3.618458e-09,7.959193e-10,3.187093e-09,3.429610e-10,1.369265e-09,1.302244e-09,5.218190e-09
74,1480,24.5128313604619459,1.569220e-09,1.135890e-08,2.105030e-09,1.523914e-08,2.981424e-09,2.158152e-08,2.598366e-09,1.880742e-08,2.287706e-09,1.656143e-08,9.842100e-10,7.120686e-09,3.744340e-09,2.710945e-08
75,1500,24.5474710039276135,1.741032e-09,2.912886e-08,2.335657e-09,3.907939e-08,3.307964e-09,5.534365e-08,2.882689e-09,4.822937e-08,2.538394e-09,4.247034e-08,1.091399e-09,1.825906e-08,4.155264e-09,6.952112e-08
76,1520,24.6227246055127902,8.808969e-10,4.145461e-09,1.181715e-09,5.561428e-09,1.673736e-09,7.876248e-09,1.458539e-09,6.863502e-09,1.284322e-09,6.044025e-09,5.522077e-10,2.598180e-09,2.102434e-09,9.894339e-09
77,1540,25.1130195153983657,2.343025e-10,1.167335e-09,3.143089e-10,1.565716e-09,4.451407e-10,2.218492e-09,3.881485e-10,1.931691e-09,3.416247e-10,1.701707e-09,1.471932e-10,7.301284e-10,5.587205e-10,2.788929e-09
78,1560,27.3980847334587241,6.822354e-10,1.223566e-09,9.147050e-10,1.640833e-09,1.296226e-09,2.324647e-09,1.127713e-09,2.022541e-09,9.937473e-10,1.782609e-09,4.254341e-10,7.626083e-10,1.630967e-09,2.925601e-09
79,1580,27.7421587883006599,1.586193e-09,1.511463e-08,2.126953e-09,2.026994e-08,3.013557e-09,2.871247e-08,2.622057e-09,2.498828e-08,2.310720e-09,2.202016e-08,9.890253e-10,9.427737e-09,3.791990e-09,3.612482e-08
80,1600,27.7751934264845987,4.424852e-09,8.171216e-08,5.934318e-09,1.095828e-07,8.405752e-09,1.552255e-07,7.315201e-09,1.350919e-07,6.446759e-09,1.190465e-07,2.759322e-09,5.096646e-08,1.057674e-08,1.953004e-07
81,1620,27.7838984211233902,3.891785e-09,1.379584e-07,5.219475e-09,1.850127e-07,7.392724e-09,2.620747e-07,6.434491e-09,2.280838e-07,5.670121e-09,2.009914e-07,2.427808e-09,8.605218e-08,9.300836e-09,3.297306e-07
82,1640,27.8096928108462111,2.132151e-09,1.631026e-08,2.859663e-09,2.187316e-08,4.050001e-09,3.098417e-08,3.525369e-09,2.696548e-08,3.106512e-09,2.376234e-08,1.330297e-09,1.017373e-08,5.095077e-09,3.898271e-08
83,1660,27.9916281066615616,1.090111e-09,2.633902e-09,1.461512e-09,3.531755e-09,2.071339e-09,5.003827e-09,1.801928e-09,4.354896e-09,1.587937e-09,3.837017e-09,6.796403e-10,1.643721e-09,2.606455e-09,6.294421e-09
84,1680,28.544913957280329,1.473958e-09,3.716764e-09,1.973919e-09,4.978614e-09,2.802880e-09,7.066679e-09,2.435570e-09,6.141996e-09,2.145646e-09,5.411318e-09,9.190002e-10,2.317103e-09,3.526758e-09,8.892141e-09
85,1700,28.8574394581876292,1.892096e-09,1.803974e-09,2.534083e-09,2.416478e-09,3.597236e-09,3.429533e-09,3.127561e-09,2.981484e-09,2.754496e-09,2.626416e-09,1.181137e-09,1.125290e-09,4.524204e-09,4.314508e-09
86,1720,29.6337024487845516,9.320762e-10,2.861969e-09,1.247402e-09,3.832141e-09,1.773112e-09,5.442699e-09,1.540423e-09,4.730196e-09,1.356302e-09,4.165901e-09,5.820316e-10,1.786164e-09,2.229724e-09,6.845873e-09
87,1740,29.7865303493634407,2.323939e-09,2.411444e-08,3.111181e-09,3.229004e-08,4.419966e-09,4.585785e-08,3.840916e-09,3.985687e-08,3.382383e-09,3.510217e-08,1.450682e-09,1.505010e-08,5.558985e-09,5.768014e-08
88,1760,29.8000329417516896,5.242672e-09,2.303056e-07,7.019487e-09,3.083891e-07,9.970428e-09,4.379643e-07,8.665073e-09,3.806550e-07,7.631053e-09,3.352458e-07,3.272294e-09,1.437361e-07,1.254038e-08,5.508733e-07
89,1780,29.8013444249240343,1.024757e-08,2.592263e-06,1.372126e-08,3.471140e-06,1.948805e-08,4.929606e-06,1.693729e-08,4.284540e-06,1.491646e-08,3.773432e-06,6.395899e-09,1.617855e-06,2.451168e-08,6.200472e-06
90,1800,29.8015208084147951,2.107505e-08,1.422523e-05,2.822013e-08,1.904820e-05,4.007786e-08,2.705157e-05,3.483336e-08,2.351179e-05,3.067782e-08,2.070704e-05,1.315336e-08,8.878098e-06,5.040979e-08,3.402557e-05
91,1820,29.8016720466289515,9.497600e-09,4.001726e-06,1.271840e-08,5.358513e-06,1.806065e-08,7.609969e-06,1.569803e-08,6.614185e-06,1.382574e-08,5.825166e-06,5.927229e-09,2.497507e-06,2.271728e-08,9.571887e-06
92,1840,29.8025162154495822,5.873639e-09,3.137871e-07,7.865772e-09,4.201739e-07,1.116907e-08,5.967195e-07,9.708255e-09,5.186356e-07,8.550503e-09,4.567659e-07,3.665479e-09,1.958379e-07,1.404902e-08,7.505561e-07
93,1860,29.8091457626189735,3.044163e-09,4.372015e-08,4.076988e-09,5.854288e-08,5.788340e-09,8.314141e-08,5.031620e-09,7.226188e-08,4.431763e-09,6.364129e-08,1.899566e-09,2.728654e-08,7.281122e-09,1.045752e-07
94,1880,29.8649657274068809,1.448776e-09,5.800824e-09,1.940693e-09,7.767549e-09,2.754447e-09,1.103130e-08,2.394712e-09,9.587829e-09,2.109438e-09,8.443794e-09,9.038483e-10,3.620569e-09,3.465084e-09,1.387529e-08
95,1900,30.3866828109807948,4.756617e-10,1.140803e-09,6.372880e-10,1.529535e-09,9.041110e-10,2.168483e-09,7.862558e-10,1.885807e-09,6.929151e-10,1.660438e-09,2.965858e-10,7.115242e-10,1.137156e-09,2.731047e-09
96,1920,33.3288873675866385,3.107756e-09,3.755728e-09,4.178271e-09,5.047130e-09,5.894990e-09,7.125452e-09,5.138851e-09,6.210562e-09,4.533877e-09,5.478497e-09,1.933594e-09,2.338537e-09,7.424485e-09,8.970003e-09
97,1940,33.6303949140502728,9.722557e-09,2.317290e-08,1.306504e-08,3.111963e-08,1.844573e-08,4.397337e-08,1.607686e-08,3.831688e-08,1.418348e-08,3.380487e-08,6.052898e-09,1.443537e-08,2.321895e-08,5.531415e-08
98,1960,33.6677986357914286,1.818057e-08,2.304002e-07,2.442550e-08,3.093806e-07,3.449520e-08,4.372235e-07,3.006269e-08,3.809698e-07,2.652141e-08,3.361174e-07,1.132166e-08,1.435360e-07,4.341158e-08,5.499154e-07
99,1980,33.6844527967790809,1.463341e-08,1.184526e-07,1.966169e-08,1.590327e-07,2.776420e-08,2.247953e-07,2.419728e-08,1.958603e-07,2.134669e-08,1.728055e-07,9.111994e-09,7.380244e-08,3.494444e-08,2.826863e-07
100,2000,33.7560311277302978,8.337728e-09,1.905976e-08,1.117991e-08,2.556460e-08,1.582931e-08,3.618115e-08,1.378569e-08,3.151351e-08,1.216453e-08,2.780869e-08,5.200685e-09,1.188423e-08,1.987698e-08,4.544723e-08
101,2020,34.1410364434051538,4.371195e-09,3.593685e-09,5.839293e-09,4.887881e-09,8.308219e-09,6.791602e-09,7.226119e-09,5.945641e-09,6.379635e-09,5.238992e-09,2.734874e-09,2.213995e-09,1.038789e-08,8.666217e-09
102,2040,34.2589667940623479,4.026238e-09,9.106499e-09,5.367647e-09,1.251489e-08,7.657279e-09,1.715146e-08,6.655255e-09,1.507595e-08,5.877124e-09,1.326810e-08,2.523223e-09,5.562416e-09,9.552082e-09,2.213959e-08
103,2060,34.396342821510841,4.141572e-09,3.432563e-09,5.508484e-09,4.660908e-09,7.882302e-09,6.489213e-09,6.845153e-09,5.680251e-09,6.046513e-09,5.006338e-09,2.600485e-09,2.119415e-09,9.806807e-09,8.259737e-09
104,2080,34.5018681136452057,4.605315e-09,2.681023e-09,6.112028e-09,3.612582e-09,8.770823e-09,5.080801e-09,7.610803e-09,4.434909e-09,6.724472e-09,3.912262e-09,2.896759e-09,1.666122e-09,1.088592e-08,6.411069e-09
105,2100,34.7133506584533626,3.527587e-09,9.941968e-09,4.655985e-09,1.294431e-08,6.730056e-09,1.905016e-08,5.827984e-09,1.641111e-08,5.152191e-09,1.452878e-08,2.228645e-09,6.346693e-09,8.302818e-09,2.315985e-08
106,2120,34.874270796250977,1.899483e-09,8.825912e-09,2.496683e-09,1.154618e-08,3.628392e-09,1.688728e-08,3.137599e-09,1.457217e-08,2.775244e-09,1.289413e-08,1.204012e-09,5.612770e-09,4.455293e-09,2.063948e-08
107,2140,35.4796002909367054,3.412039e-09,7.091543e-09,4.549452e-09,9.436152e-09,6.488623e-09,1.349566e-08,5.640002e-09,1.172006e-08,4.981074e-09,1.035229e-08,2.137780e-09,4.450095e-09,8.094884e-09,1.680145e-08
108,2160,37.3430072066653268,9.195807e-09,3.782275e-08,1.224167e-08,5.035597e-08,1.749825e-08,7.196881e-08,1.519860e-08,6.251164e-08,1.342242e-08,5.520666e-08,5.769596e-09,2.372719e-08,2.179649e-08,8.965894e-08
109,2180,37.6913474987065617,1.552970e-08,1.126231e-07,2.066823e-08,1.499602e-07,2.955414e-08,2.142917e-07,2.566580e-08,1.861396e-07,2.266634e-08,1.643832e-07,9.744973e-09,7.064605e-08,3.680663e-08,2.670018e-07
110,2200,38.2099344642759422,1.019564e-08,3.391161e-08,1.358315e-08,4.516682e-08,1.939615e-08,6.451901e-08,1.685115e-08,5.604780e-08,1.488122e-08,4.949661e-08,6.392249e-09,2.126563e-08,2.418163e-08,8.041518e-08
111,2220,40.1642395545657702,2.561365e-08,4.850334e-08,3.415963e-08,6.462867e-08,4.870944e-08,9.226747e-08,4.233756e-08,8.016791e-08,3.738463e-08,7.079340e-08,1.604673e-08,3.040779e-08,6.079181e-08,1.150498e-07
112,2240,40.6144393151997688,6.980771e-08,2.564194e-07,9.300516e-08,3.417040e-07,1.328010e-07,4.877692e-07,1.153792e-07,4.238204e-07,1.018862e-07,3.742540e-07,4.376834e-08,1.607428e-07,1.655752e-07,6.082793e-07
113,2260,41.0103574523406741,1.062830e-07,6.476970e-08,1.417466e-07,8.651437e-08,2.021185e-07,1.231054e-07,1.756765e-07,1.070704e-07,1.551252e-07,9.453684e-08,6.658201e-08,4.052783e-08,2.522634e-07,1.538845e-07
114,2280,41.1798722165637352,1.657014e-07,3.496854e-07,2.213310e-07,4.672259e-07,3.149427e-07,6.645617e-07,2.739198e-07,5.780747e-07,2.418551e-07,5.103971e-07,1.036828e-07,2.187539e-07,3.936857e-07,8.309740e-07
115,2300,41.2053843060804823,2.910869e-07,3.608788e-06,3.888580e-07,4.821791e-06,5.532345e-07,6.858315e-06,4.811975e-07,5.965765e-06,4.248663e-07,5.267336e-06,1.821223e-07,2.257574e-06,6.916398e-07,8.575643e-06
116,2320,41.2103037177038602,3.782978e-07,7.963380e-06,5.054404e-07,1.063937e-05,7.189478e-07,1.513459e-05,6.253741e-07,1.316449e-05,5.521595e-07,1.162330e-05,2.366587e-07,4.981940e-06,8.989518e-07,1.892312e-05
117,2340,41.219471744278463,1.546684e-07,1.553296e-06,2.066640e-07,2.075099e-06,2.939376e-07,2.952136e-06,2.556877e-07,2.567771e-06,2.257525e-07,2.267171e-06,9.675437e-08,9.718086e-07,3.675539e-07,3.690833e-06
118,2360,41.279804349452679,1.282398e-07,2.113789e-07,1.712137e-07,2.822668e-07,2.437811e-07,4.017996e-07,2.119850e-07,3.494212e-07,1.871754e-07,3.085238e-07,8.027020e-08,1.322903e-07,3.045919e-07,5.021240e-07
119,2380,41.69229239695094,1.219775e-07,3.208867e-07,1.628145e-07,4.283546e-07,2.318959e-07,6.100293e-07,2.016297e-07,5.304328e-07,1.780344e-07,4.683568e-07,7.636414e-08,2.008800e-07,2.896733e-07,7.620836e-07
120,2400,41.914535690974314,1.215180e-07,4.006483e-07,1.622666e-07,5.348576e-07,2.309886e-07,7.616468e-07,2.008774e-07,6.622844e-07,1.773651e-07,5.847758e-07,7.605515e-08,2.508034e-07,2.886533e-07,9.515402e-07
121,2420,42.3176256706313216,9.991389e-08,1.449321e-07,1.333630e-07,1.934164e-07,1.899496e-07,2.755536e-07,1.651596e-07,2.395723e-07,1.458320e-07,2.115387e-07,6.255303e-08,9.075053e-08,2.372706e-07,3.441366e-07
122,2440,44.675291576289108,1.787171e-07,8.170266e-07,2.384087e-07,1.090039e-06,3.398364e-07,1.553539e-06,2.954098e-07,1.350513e-06,2.608469e-07,1.192497e-06,1.119393e-07,5.116998e-07,4.242528e-07,1.939661e-06
123,2460,45.9251413910843273,1.219266e-06,3.550508e-06,1.626385e-06,4.736078e-06,2.318541e-06,6.751604e-06,2.015376e-06,5.868798e-06,1.779578e-06,5.182148e-06,7.637321e-07,2.223973e-06,2.894269e-06,8.428202e-06
124,2480,46.0045046255247775,3.115646e-06,2.526254e-05,4.156001e-06,3.369833e-05,5.924725e-06,4.804052e-05,5.150018e-06,4.175854e-05,4.547459e-06,3.687254e-05,1.951586e-06,1.582385e-05,7.395979e-06,5.997093e-05
125,2500,46.0138408517274439,5.313984e-06,2.136086e-04,7.088646e-06,2.849215e-04,1.010582e-05,4.061473e-04,8.784247e-06,3.530524e-04,7.756353e-06,3.117533e-04,3.328461e-06,1.338078e-04,1.261594e-05,5.069693e-04
126,2520,46.0193060339272825,3.808296e-06,8.734488e-05,5.079907e-06,1.165058e-04,7.241516e-06,1.660787e-04,6.294735e-06,1.443664e-04,5.558295e-06,1.274781e-04,2.385472e-06,5.471368e-05,9.039650e-06,2.073086e-04
127,2540,46.0460387421151498,1.631455e-06,9.190775e-06,2.176284e-06,1.225935e-05,3.102294e-06,1.747683e-05,2.696696e-06,1.519159e-05,2.381184e-06,1.341425e-05,1.021893e-06,5.757077e-06,3.872775e-06,2.181608e-05
128,2560,46.2331433103524823,1.558018e-06,1.190248e-06,2.078613e-06,1.587980e-06,2.962511e-06,2.263196e-06,2.575340e-06,1.967432e-06,2.274014e-06,1.737233e-06,9.757880e-07,7.454441e-07,3.698784e-06,2.825710e-06
129,2580,46.5556342935224664,3.424257e-06,1.521352e-06,4.568377e-06,2.029686e-06,6.511124e-06,2.892814e-06,5.660153e-06,2.514740e-06,4.997892e-06,2.220504e-06,2.144636e-06,9.528250e-07,8.129233e-06,3.611753e-06
130,2600,47.1485102956196188,2.392578e-06,3.532455e-06,3.191847e-06,4.712544e-06,4.549481e-06,6.716915e-06,3.954814e-06,5.838965e-06,3.492091e-06,5.155794e-06,1.498542e-06,2.212472e-06,5.679839e-06,8.385837e-06
131,2620,47.3513025429908339,4.776196e-06,3.986995e-05,6.371725e-06,5.318803e-05,9.081769e-06,7.580777e-05,7.894728e-06,6.590013e-05,6.971049e-06,5.819043e-05,2.991484e-06,2.497226e-05,1.133815e-05,9.464025e-05
132,2640,47.3686554074276747,1.202558e-05,3.565912e-04,1.604199e-05,4.756350e-04,2.286296e-05,6.777405e-04,1.987542e-05,5.892292e-04,1.755054e-05,5.203399e-04,7.532438e-06,2.233858e-04,2.854122e-05,8.459286e-04
133,2660,47.3710590403651318,1.658523e-05,1.664345e-03,2.213147e-05,2.221740e-03,3.155844e-05,3.170085e-03,2.742825e-05,2.754447e-03,2.421551e-05,2.431290e-03,1.038481e-05,1.041693e-03,3.941375e-05,3.961225e-03
134,2680,47.3734566959038918,1.180587e-05,2.821773e-04,1.575063e-05,3.764974e-04,2.245175e-05,5.367645e-04,1.951640e-05,4.665551e-04,1.723244e-05,4.119330e-04,7.393928e-06,1.767071e-04,2.803217e-05,6.702662e-04
135,2700,47.3875896231837556,5.256261e-06,4.516251e-05,7.012287e-06,6.025150e-05,9.994968e-06,8.588245e-05,8.688489e-06,7.465535e-05,7.671876e-06,6.591946e-05,3.292102e-06,2.828565e-05,1.247854e-05,1.072253e-04
136,2720,47.5063197206691076,1.903115e-06,6.647621e-06,2.538851e-06,8.868403e-06,3.618785e-06,1.264052e-05,3.145755e-06,1.098826e-05,2.777694e-06,9.702589e-06,1.191984e-06,4.163571e-06,4.517868e-06,1.578130e-05
137,2740,49.0559171117056723,2.169194e-06,1.087712e-05,2.893762e-06,1.451043e-05,4.124763e-06,2.068288e-05,3.585566e-06,1.797926e-05,3.166049e-06,1.587567e-05,1.358657e-06,6.812776e-06,5.149464e-06,2.582115e-05
138,2760,49.6838970547256366,5.948826e-06,8.255644e-05,7.935819e-06,1.101283e-04,1.131141e-05,1.569645e-04,9.832868e-06,1.364503e-04,8.682467e-06,1.204884e-04,3.726041e-06,5.171083e-05,1.412126e-05,1.959477e-04
139,2780,49.7258529785936268,1.595627e-05,8.211938e-04,2.128333e-05,1.095022e-03,3.033019e-05,1.559679e-03,2.636804e-05,1.356237e-03,2.328473e-05,1.197856e-03,9.995541e-06,5.145973e-04,3.785804e-05,1.945955e-03
140,2800,49.7301841105817306,3.954644e-05,5.426550e-03,5.272491e-05,7.213100e-03,7.507770e-05,1.021869e-02,6.529243e-05,8.906757e-03,5.767293e-05,7.881089e-03,2.478595e-05,3.412635e-03,9.365050e-05,1.269255e-02
141,2820,49.7313868851976033,3.597950e-05,6.172546e-03,4.801275e-05,8.258164e-03,6.847285e-05,1.182900e-02,5.950841e-05,1.026063e-02,5.253640e-05,9.044980e-03,2.252752e-05,3.853667e-03,8.552080e-05,1.482821e-02
142,2840,49.7350903169971323,1.878969e-05,8.036932e-04,2.506943e-05,1.072640e-03,3.574188e-05,1.530110e-03,3.106659e-05,1.329644e-03,2.742960e-05,1.173765e-03,1.176696e-05,5.031296e-04,4.462981e-05,1.911467e-03
143,2860,49.762511886366785,8.197309e-06,1.119177e-04,1.093568e-05,1.493109e-04,1.558811e-05,2.128484e-04,1.355024e-05,1.850164e-04,1.196471e-05,1.633634e-04,5.134192e-06,7.009369e-05,1.946121e-05,2.657497e-04
144,2880,50.017016058763908,2.684652e-06,2.002628e-05,3.581426e-06,2.671586e-05,5.104960e-06,3.808086e-05,4.437628e-06,3.310279e-05,3.918409e-06,2.922961e-05,1.681498e-06,1.254318e-05,6.373228e-06,4.754173e-05
145,2900,51.8542532719154592,4.140816e-06,3.145281e-05,5.523927e-06,4.195850e-05,7.873749e-06,5.980641e-05,6.844498e-06,5.198885e-05,6.043696e-06,4.590634e-05,2.593582e-06,1.970043e-05,9.829725e-06,7.466288e-05
146,2920,52.0940300109744748,1.207297e-05,3.192848e-04,1.610490e-05,4.258646e-04,2.295403e-05,6.068560e-04,1.995415e-05,5.275916e-04,1.761996e-05,4.659069e-04,7.562208e-06,2.000182e-04,2.865450e-05,7.574393e-04
147,2940,52.1138687066156218,3.213414e-05,2.942277e-03,4.284760e-05,3.919334e-03,6.102598e-05,5.572747e-03,5.306716e-05,4.849539e-03,4.687100e-05,4.285761e-03,2.013759e-05,1.845898e-03,7.613589e-05,6.942841e-03
148,2960,52.1162189722469922,6.474643e-05,2.090688e-02,8.641018e-05,2.782694e-02,1.232490e-04,3.950253e-02,1.071083e-04,3.440144e-02,9.455518e-05,3.041847e-02,4.053266e-05,1.312669e-02,1.539409e-04,4.913826e-02
149,2980,52.1175337662150238,4.654587e-05,4.759184e-03,6.213673e-05,6.376644e-03,8.867452e-05,9.157164e-03,7.704283e-05,7.934173e-03,6.800122e-05,6.988119e-03,2.913094e-05,2.966410e-03,1.108132e-04,1.150348e-02
150,3000,52.1238662607178128,2.243137e-05,8.475691e-04,2.992820e-05,1.131224e-03,4.266957e-05,1.613760e-03,3.708793e-05,1.402305e-03,3.274596e-05,1.237888e-03,1.404753e-05,5.305828e-04,5.328027e-05,2.016033e-03
151,3020,52.1743151650749996,9.699618e-06,1.185897e-04,1.293980e-05,1.582112e-04,1.844494e-05,2.255361e-04,1.603357e-05,1.960452e-04,1.415746e-05,1.731017e-04,6.075147e-06,7.427274e-05,2.302778e-05,2.815889e-04
152,3040,52.7026976115044177,4.852875e-06,3.771876e-05,6.473828e-06,5.031805e-05,9.227854e-06,7.172358e-05,8.021552e-06,6.234762e-05,7.083017e-06,5.505273e-05,3.039571e-06,2.362473e-05,1.152024e-05,8.954215e-05
153,3060,54.3797834753214105,8.899493e-06,7.465675e-05,1.187200e-05,9.959026e-05,1.692204e-05,1.419467e-04,1.471007e-05,1.233947e-04,1.298906e-05,1.089597e-04,5.574207e-06,4.676266e-05,2.112553e-05,1.772004e-04
154,3080,54.4930765242761009,2.357574e-05,9.030619e-04,3.144648e-05,1.204151e-03,4.481378e-05,1.715047e-03,3.895945e-05,1.491366e-03,3.440376e-05,1.317226e-03,1.476867e-05,5.659188e-04,5.593624e-05,2.139711e-03
155,3100,54.5034021316420229,6.171977e-05,7.213800e-03,8.224143e-05,9.592761e-03,1.169997e-04,1.359991e-02,1.017916e-04,1.185005e-02,8.994129e-05,1.048285e-02,3.870747e-05,4.534499e-03,1.458310e-04,1.690268e-02
156,3120,54.5049315074959362,7.360167e-05,3.378064e-02,9.871200e-05,4.489174e-02,1.419668e-04,6.352466e-02,1.229292e-04,5.540351e-02,1.082156e-04,4.904092e-02,4.582237e-05,2.124102e-02,1.785343e-04,7.876801e-02
157,3140,54.5067529152564352,5.642748e-05,4.361399e-03,7.532890e-05,5.831148e-03,1.075031e-04,8.343205e-03,9.340077e-05,7.240550e-03,8.243891e-05,6.385162e-03,3.531507e-05,2.724969e-03,1.343446e-04,1.044882e-02
158,3160,54.517971413926222,2.645019e-05,7.025610e-04,3.528910e-05,9.375993e-04,5.031044e-05,1.337337e-03,4.373019e-05,1.162181e-03,3.861123e-05,1.025973e-03,1.656484e-05,4.398522e-04,6.281859e-05,1.670487e-03
159,3180,54.6124629772542072,1.136357e-05,1.048997e-04,1.515952e-05,1.399451e-04,2.160894e-05,1.994924e-04,1.878397e-05,1.734088e-04,1.658606e-05,1.531158e-04,7.117369e-06,6.569990e-05,2.697772e-05,2.490670e-04
160,3200,55.8722997347034274,1.218098e-05,5.157555e-05,1.624967e-05,6.880295e-05,2.316248e-05,9.807159e-05,2.013457e-05,8.525153e-05,1.777878e-05,7.527701e-05,7.629488e-06,3.230402e-05,2.891652e-05,1.224347e-04
161,3220,56.8262845064015438,2.100749e-05,1.845839e-04,2.802372e-05,2.462139e-04,3.994324e-05,3.508913e-04,3.472246e-05,3.050457e-04,3.066035e-05,2.693711e-04,1.315830e-05,1.156263e-04,4.986416e-05,4.379970e-04
162,3240,56.8815177225564329,5.233096e-05,2.263048e-03,6.978838e-05,3.015558e-03,9.942232e-05,4.290161e-03,8.644620e-05,3.732467e-03,7.634601e-05,3.297912e-03,3.278890e-05,1.419236e-03,1.240651e-04,5.347440e-03
163,3260,56.8870176840945846,1.304822e-04,1.265591e-02,1.737259e-04,1.668945e-02,2.468084e-04,2.348827e-02,2.148569e-04,2.046202e-02,1.899331e-04,1.818108e-02,8.190618e-05,8.030586e-03,3.072742e-04,2.920058e-02
164,3280,56.8882629205662915,1.294709e-04,2.627451e-02,1.727866e-04,3.535980e-02,2.464372e-04,5.115496e-02,2.141692e-04,4.418052e-02,1.890718e-04,3.881447e-02,8.105350e-05,1.629553e-02,3.077853e-04,6.465071e-02
165,3300,56.8913606979018808,7.371055e-05,3.247271e-03,9.838140e-05,4.339591e-03,1.403536e-04,6.204278e-03,1.219603e-04,5.386138e-03,1.076591e-04,4.751082e-03,4.614202e-05,2.029902e-03,1.753469e-04,7.765049e-03
166,3320,56.9135064461829983,3.463408e-05,4.812100e-04,4.620588e-05,6.421065e-04,6.586961e-05,9.156472e-04,5.725606e-05,7.958040e-04,5.055499e-05,7.025919e-04,2.169114e-05,3.013181e-04,8.224123e-05,1.143521e-03
167,3340,57.1133595496926178,2.074528e-05,8.236593e-05,2.767463e-05,1.098810e-04,3.944781e-05,1.566309e-04,3.429099e-05,1.361533e-04,3.027886e-05,1.202214e-04,1.299367e-05,5.158784e-05,4.924753e-05,1.955489e-04
168,3360,58.8722288243931245,1.008876e-04,6.732721e-05,1.345871e-04,8.981804e-05,1.918445e-04,1.280331e-04,1.667648e-04,1.112940e-04,1.472523e-04,9.827096e-05,6.318983e-05,4.216883e-05,2.395052e-04,1.598448e-04
169,3380,59.183563880253403,2.396220e-04,3.641959e-04,3.196663e-04,4.857561e-04,4.556702e-04,6.921764e-04,3.960976e-04,6.017776e-04,3.497497e-04,5.314260e-04,1.500828e-04,2.281590e-04,5.688828e-04,8.639029e-04
170,3400,59.2090021294446435,3.304397e-04,3.442178e-03,4.406450e-04,4.585835e-03,6.276859e-04,6.521859e-03,5.457894e-04,5.674932e-03,4.820383e-04,5.014823e-03,2.070578e-04,2.159205e-03,7.831936e-04,8.126762e-03
171,3420,59.2130607231058365,3.818827e-04,1.322562e-02,5.102143e-04,1.763029e-02,7.291295e-04,2.509640e-02,6.331047e-04,2.182891e-02,5.585411e-04,1.928365e-02,2.387828e-04,8.290240e-03,9.122022e-04,3.129325e-02
172,3440,59.2187389703767651,2.873270e-04,1.512507e-03,3.833696e-04,2.019075e-03,5.466206e-04,2.881260e-03,4.751022e-04,2.503370e-03,4.194712e-04,2.209615e-03,1.799293e-04,9.466387e-04,6.825869e-04,3.600451e-03
173,3460,59.2547593567803686,3.591169e-04,2.617686e-04,4.790834e-04,3.492453e-04,6.829263e-04,4.979096e-04,5.936377e-04,4.327856e-04,5.241717e-04,3.821239e-04,2.249232e-04,1.639362e-04,8.526158e-04,6.217020e-04
174,3480,59.4137745386721325,9.839802e-04,2.881256e-04,1.312748e-03,3.841996e-04,1.871445e-03,5.472394e-04,1.626711e-03,4.758554e-04,1.436320e-03,4.202846e-04,6.162583e-04,1.805528e-04,2.336600e-03,6.827667e-04
175,3500,59.4657546050979045,1.044834e-03,2.176412e-04,1.393840e-03,2.903263e-04,1.986819e-03,4.138070e-04,1.727084e-03,3.597227e-04,1.525005e-03,3.176416e-04,6.544205e-04,1.363243e-04,2.480411e-03,5.165767e-04
176,3520,59.7422507552481843,6.163327e-04,2.495881e-03,8.226030e-04,3.334254e-03,1.173524e-03,4.764108e-03,1.019744e-03,4.136966e-03,9.001760e-04,3.649945e-03,3.858253e-04,1.560821e-03,1.466071e-03,5.959555e-03
177,3540,59.7727733236208502,1.264069e-03,2.178796e-02,1.691825e-03,2.959801e-02,2.425242e-03,4.355063e-02,2.102947e-03,3.732910e-02,1.853327e-03,3.260818e-02,7.888866e-04,1.337842e-02,3.042337e-03,5.587816e-02
178,3560,59.7756863524407482,2.104355e-03,2.797337e-01,2.939945e-03,4.159875e-01,4.582927e-03,7.257257e-01,3.823661e-03,5.762704e-01,3.276760e-03,4.751663e-01,1.257643e-03,1.567926e-01,6.233929e-03,1.065574e+00
179,3580,59.7762299548614474,4.211710e-03,7.253709e-01,5.410380e-03,8.832472e-01,6.945430e-03,9.626048e-01,6.343015e-03,9.472428e-01,5.801074e-03,9.163835e-01,2.644649e-03,4.328743e-01,7.862105e-03,9.544902e-01
180,3600,59.7772658705685089,2.195113e-03,7.799791e-02,2.895344e-03,9.771274e-02,4.051997e-03,1.261955e-01,3.550263e-03,1.144095e-01,3.154666e-03,1.045125e-01,1.393120e-03,5.266776e-02,4.985819e-03,1.461003e-01
181,3620,59.784332714343426,9.913766e-04,1.138301e-02,1.320116e-03,1.509473e-02,1.875956e-03,2.130125e-02,1.632905e-03,1.859795e-02,1.443358e-03,1.647832e-02,6.222142e-04,7.177902e-03,2.336080e-03,2.637435e-02
182,3640,59.8466990712828186,3.036540e-04,1.638428e-03,4.049764e-04,2.184602e-03,5.770053e-04,3.111306e-03,5.016728e-04,2.705590e-03,4.430420e-04,2.389723e-03,1.902467e-04,1.026796e-03,7.200838e-04,3.881478e-03
183,3660,60.4827053956105153,3.625620e-04,2.311511e-03,4.839169e-04,3.086332e-03,6.903900e-04,4.405915e-03,5.999069e-04,3.827430e-03,5.295570e-04,3.377880e-03,2.269565e-04,1.446371e-03,8.625335e-04,5.507355e-03
184,3680,60.6195474960533452,1.034611e-03,1.983848e-02,1.384937e-03,2.679010e-02,1.985852e-03,3.900682e-02,1.721744e-03,3.359097e-02,1.517233e-03,2.944750e-02,6.455720e-04,1.226013e-02,2.491715e-03,4.959073e-02
185,3700,60.6299433544580693,1.868914e-03,1.655570e-01,2.541312e-03,2.536617e-01,3.754972e-03,4.897626e-01,3.211389e-03,3.678008e-01,2.801576e-03,2.942401e-01,1.147638e-03,9.085105e-02,4.841109e-03,8.869934e-01
186,3720,60.631070490367284,2.274292e-03,7.678872e-01,3.663116e-03,1.649218e+00,6.238323e-03,2.677737e+00,5.400404e-03,2.445503e+00,4.363919e-03,1.927259e+00,1.396876e-03,3.234188e-01,7.019839e-03,2.443392e+00
187,3740,60.6314787187173592,3.926829e-03,2.034928e+00,5.143326e-03,2.542643e+00,6.002765e-03,2.285451e+00,5.717126e-03,2.394398e+00,5.409017e-03,2.490092e+00,1.935180e-03,8.861321e-01,6.359847e-03,2.132611e+00
188,3760,60.6330275303865067,2.489795e-03,1.812064e-01,3.228931e-03,2.209091e-01,4.410401e-03,2.753938e-01,3.903280e-03,2.532069e-01,3.497749e-03,2.341955e-01,1.615251e-03,1.271324e-01,5.335538e-03,3.119302e-01
189,3780,60.6448733217936785,1.000547e-03,2.246353e-02,1.329866e-03,2.962888e-02,1.884010e-03,4.144374e-02,1.642108e-03,3.632289e-02,1.453018e-03,3.228055e-02,6.292935e-04,1.425258e-02,2.340264e-03,5.095148e-02
190,3800,60.7583657551092538,2.705389e-04,3.378084e-03,3.606580e-04,4.502598e-03,5.134893e-04,6.408794e-03,4.465908e-04,5.574528e-03,3.944947e-04,4.924718e-03,1.695800e-04,2.117863e-03,6.404329e-04,7.991310e-03
191,3820,61.4151784627995745,5.578485e-04,7.648189e-03,7.451536e-04,1.023361e-02,1.064516e-03,1.466239e-02,9.244552e-04,1.271689e-02,8.156734e-04,1.120931e-02,3.488965e-04,4.774368e-03,1.331441e-03,1.838408e-02
192,3840,61.4837633951218882,1.349756e-03,5.276413e-02,1.817165e-03,7.289435e-02,2.633019e-03,1.107416e-01,2.272130e-03,9.354819e-02,1.995194e-03,8.084640e-02,8.371189e-04,3.184195e-02,3.335341e-03,1.464879e-01
193,3860,61.4896013571023253,2.120869e-03,3.336559e-01,2.935725e-03,6.230871e-01,4.259021e-03,2.692066e+00,3.769539e-03,1.296633e+00,3.259597e-03,8.084457e-01,1.281302e-03,1.603606e-01,5.940799e-03,2.862060e+00
194,3880,61.4903175230020756,2.407283e-03,8.955030e-01,3.664428e-03,2.358814e+00,5.365550e-03,2.560854e+00,4.982564e-03,2.803172e+00,4.380151e-03,2.742979e+00,1.442329e-03,3.244974e-01,5.718752e-03,2.274848e+00
195,3900,61.4907798354073185,3.411966e-03,2.125153e+00,4.509870e-03,2.591191e+00,5.065152e-03,2.208057e+00,4.893663e-03,2.338345e+00,4.694269e-03,2.477907e+00,1.576479e-03,7.202798e-01,5.256813e-03,2.045734e+00
196,3920,61.4931414298716011,2.419182e-03,2.174585e-01,3.121077e-03,2.608064e-01,4.233759e-03,3.186097e-01,3.757383e-03,2.952836e-01,3.375151e-03,2.750685e-01,1.581045e-03,1.563766e-01,5.098832e-03,3.564635e-01
197,3940,61.5121377403983235,9.079041e-04,2.521988e-02,1.206155e-03,3.324817e-02,1.707388e-03,4.646971e-02,1.488680e-03,4.074160e-02,1.317617e-03,3.621728e-02,5.713351e-04,1.601057e-02,2.119488e-03,5.709538e-02
198,3960,61.7140974883926136,2.535709e-04,3.719840e-03,3.383055e-04,4.959535e-03,4.823123e-04,7.062582e-03,4.192288e-04,6.141913e-03,3.701550e-04,5.425073e-03,1.588034e-04,2.331373e-03,6.022212e-04,8.810060e-03
199,3980,62.3073745668742126,7.563598e-04,1.606363e-02,1.011769e-03,2.159467e-02,1.448974e-03,3.119242e-02,1.256961e-03,2.695681e-02,1.108122e-03,2.369565e-02,4.722968e-04,9.976078e-03,1.816093e-03,3.938179e-02
200,4000,62.3460940747769507,1.611941e-03,1.043003e-01,2.190586e-03,1.499658e-01,3.235189e-03,2.481392e-01,2.766983e-03,2.012675e-01,2.414453e-03,1.691351e-01,9.904896e-04,6.058268e-02,4.181662e-03,3.750089e-01
201,4020,62.3496229322680651,2.234996e-03,4.719716e-01,3.142230e-03,1.149929e+00,4.727657e-03,2.946050e+00,3.959480e-03,2.727571e+00,3.488472e-03,1.859957e+00,1.331896e-03,2.018547e-01,5.145798e-03,2.443043e+00
202,4040,62.3501382718831006,2.436861e-03,9.241153e-01,3.551151e-03,2.491649e+00,4.699629e-03,2.474138e+00,4.463986e-03,2.741060e+00,4.087827e-03,3.028725e+00,1.436602e-03,3.091823e-01,4.903967e-03,2.202051e+00
203,4060,62.3507288397592477,3.189162e-03,2.609014e+00,4.028441e-03,2.553778e+00,4.389203e-03,2.150310e+00,4.283818e-03,2.279558e+00,4.153431e-03,2.424576e+00,1.599398e-03,6.731930e-01,4.490623e-03,1.992974e+00
204,4080,62.3543301552318757,2.174859e-03,2.013763e-01,2.812268e-03,2.432059e-01,3.826114e-03,2.998378e-01,3.391625e-03,2.768690e-01,3.043450e-03,2.570894e-01,1.416729e-03,1.433886e-01,4.616395e-03,3.374357e-01
205,4100,62.3844960741229605,7.799533e-04,2.440056e-02,1.036306e-03,3.221755e-02,1.467225e-03,4.514347e-02,1.279184e-03,3.953545e-02,1.132122e-03,3.511460e-02,4.907271e-04,1.546341e-02,1.821580e-03,5.557899e-02
